PRODUCT: New ListingLOOK! Lenovo ThinkPad T430, i5-3320U, 4GB, 256SSD &amp; 500GB HDD Win 10PRO (187)            PRICE:   $269.99
PRODUCT: New ListingDell Vostro A860 Laptop Window 7 Office Wifi DVD            PRICE:   $52.00
PRODUCT: HP ZBook 15-G2, Intel Core i7-4810MQ - 2.8GHz, 16GB, 500GB SSD * DE Keyboard *            PRICE:   $648.62
PRODUCT: ASUS G751 17.3in Touch Gaming Laptop 3.5Ghz 32GB 1TB SSD GTX 970 DVDRW WIN 10            PRICE:   $899.00
PRODUCT: New ListingWindows 8 ASUS Laptop            PRICE:   $250.00
PRODUCT: Panasonic Toughbook CF-54 - MK1, Core i5-5300U 2.3GHz, 8GB, 256GB SSD * B GRADE *            PRICE:   $350.00
PRODUCT: New ListingDell Latitude 3500 15.6" (256GB SSD, Intel Core i3-8145U, 2.10 GHz, 8GB RAM)...            PRICE:   $766.76
PRODUCT: Dell Latitude E6540, Intel Core i7-4810MQ, 2.8GHz, 16GB, 256GB SSD * AMD Radeon *            PRICE:   $500.00
PRODUCT: CHUWI HeroBook Pro Laptop Windows 14.1 " Notebook Bordo stretto Intel 8+256GB PC            PRICE:   $589.54
PRODUCT: Dell Latitude E6430 ATG Laptop Notebook, (BAREBONES SHELL) - FOR COMPLETION            PRICE:   $318.98 to $337.88
PRODUCT: Panasonic Toughbook CF-C2 Military Laptop,Touch, i5 4th Gen, 4GB,128GB SSD Win10            PRICE:   $30.75
PRODUCT: New ListingMicrosoft surface book 3 15" 32gb RAM 512gb SSD - 2 in 1-Tablet-DETACHABLE            PRICE:   $285.94
PRODUCT: Dell Latitude E5400 14" Laptop Intel Core 2 Duo 2.26GHz 2GB 320GB Windows 7            PRICE:   $3,248.99
PRODUCT: HP EliteBook 820 G3 Laptop i5 6th Gen 8GB RAM 256GB SSD Windows 10 Pro(1YR WT)            PRICE:   $105.00
PRODUCT: HP 6930p Dual Core 2x 2,4Ghz 4GB 320GB Notebook UMTS USB Win 10            PRICE:   $344.43
PRODUCT: CHEAP FAST DUAL CORE i3 i5 LAPTOP WIN-10 4GB 8GB RAM HDD SSD WARRANTY OFFICE             PRICE:   $106.32
PRODUCT: Dell Latitude Business Gaming Laptop Windows 10 Intel Core i5 16GB RAM 2TB SSD            PRICE:   $180.67 to $323.65
PRODUCT: New ListingPc lenovo x1 carbon gen 6 nine/core i7/16go ram/256go ssd/gar 09/2021            PRICE:   $321.00 to $697.00
PRODUCT: REFURBISHED 11.6" HP CHROMEBOOK G3 WITH CHROME OS WEBCAM HDMI NOTEBOOK            PRICE:   $1,593.78
PRODUCT: New ListingLaptop notebook pc station dell precision 5540 i7 cad 2020            PRICE:   $168.96
PRODUCT: ASUS G74S gamering Laptop Intel Core i7 2670QM 2,2GHz, 8GB Ram spots            PRICE:   $1,713.10
PRODUCT: New ListingDell Laptop - E5450 Nearly New Condition 8GB RAM 230GB SSD            PRICE:   $92.15
PRODUCT: New ListingLaptop ASUS K53U AMD E450, 8GB Ram spots, 320HDD            PRICE:   $97.49
PRODUCT: HP Envy M6-1225 Laptop - 250GB SSD - 8GB RAM - Beats Audio - Excellent Condition            PRICE:   $63.80
PRODUCT: New ListingHP Compaq 6720s widows XP, DEBIAN 8,5, 100 Old PuzzleQuest Neverhood, Myst UNSW            PRICE:   $136.00
PRODUCT: HP Elite x2 1012 G1 Tablet 1.2GHz 8GB 512GB SSD 12" 1920x1280 Touch Win10 Pro            PRICE:   $94.52
PRODUCT: New ListingCHUWI HeroBook Pro 14.1" 1920*1080 IPS Screen Intel N4000, DDR4 8GB, 256 SSD            PRICE:   $379.99
PRODUCT: Fujitsu LIFEBOOK E754 Intel Core i5-4300 2,60 GHz 4GB Ram spots - 128GB SSD            PRICE:   $389.09 to $418.74
PRODUCT: Panasonic Toughpad FZ-G1 - MK1, Core i5-3437U, 1.9GHz, 8GB, 128GB SSD*Win10 &amp; 3G            PRICE:   $107.51
PRODUCT: New ListingSamsung Galaxy Note 10+ Plus N975U 256GB 512GB Unlocked Verizon AT&amp;T T-Mobile 5G            PRICE:   $707.69
PRODUCT: New ListingDell Lattitude E5550 Laptop, i5-5300U, 8GB Ram spots, 120GB SSD, crash damage            PRICE:   $289.23
PRODUCT: HP Laptop 15 Inch Windows 10 Intel 8GB RAM is 500GB            PRICE:   $158.31
PRODUCT: Getac S410, Core i5-6300U - 2.4GHz, 8GB, 500GB HDD * Illuminated DE Keyboard *            PRICE:   $223.29
PRODUCT: Teclast x4 Intel Gemini Lake n4100 Quad Core 2.4ghz 8g RAM 256g SSD 11.6 inch            PRICE:   $72.07
PRODUCT: Panasonic Toughbook CF-31 MK5, Core i5-5300U - 2.3GHz, 16GB, 256GB SSD * DURABLE *            PRICE:   $1,003.05
PRODUCT: Used DELL WD15 USB-C Type-C 4K ONLY Docking Station NO cable No Power Adapter            PRICE:   $406.42
PRODUCT: Panasonic Toughbook CF-LX3 MK3, Core i5-4310U, 2.0GHz, 12GB, 1000GB SSD * Win 10 *            PRICE:   $1,180.27
PRODUCT: Small Laptop Panasonic CF-T2 Touchscreen Display 1024x768 900g Lightweight            PRICE:   $40.99
PRODUCT: New ListingHP Pavilion 15-cx0999nl 15.6" (1tb + 128gb, Intel Core i5 8Âª Generation, 2,30...            PRICE:   $554.10
PRODUCT: Acer Chromebook C720P-2625 11.6" 2957u 1.4GHz 4GB RAM 16GB SSD - Refurbished            PRICE:   $220.62
PRODUCT: New ListingBrand New HP 245 G7 Laptop 14in A4-9125 8GB RAM 256GB SSD Win10 1 Year Warranty            PRICE:   $1,476.81
PRODUCT: Panasonic Toughpad FZ-G1 MK4, Core i5-6300U, 2.4GHz, 8GB, 128GB SSD * Docking *            PRICE:   $2,067.54
PRODUCT: New ListingDell XPS 15 7590 i9-9980HK 32GB 2TB SSD UHD 4K OLED NVIDIA GTX 1650 Fingerprint            PRICE:   $129.99
PRODUCT: Panasonic Toughbook cf-19 mk7, Core i5-3340m 2.7ghz, 16gb, 256gb SSD * DE Keyboard *            PRICE:   $433.65
PRODUCT: Laptop Gaming ASUS Rog Strix I7 10750H 16GB 1TB SSD Nvidia RTX2060 Teletrabajo            PRICE:   $1,298.41
PRODUCT: Panasonic Toughbook CF-D1 MK2 Tablet Core i5-3340M - 2.7GHz, 16GB, 1TB SSD * RS 232 *            PRICE:   $1,241.00
PRODUCT: Panasonic Toughbook cf-d1 Rugged Tablet 13,3" Win 7 4gb 250gb Touch + PSU            PRICE:   $1,298.41
PRODUCT: New ListingLenovo X1 Carbon Gen 7 Laptop 14'' FHD Core i5-10210U 256GB 8GB Win 10 Pro 3Y             PRICE:   $2,108.74
PRODUCT: Panasonic Toughbook CF-53 - MK4, Core i5-4310U - 2.0GHz, 8GB, 128GB SSD * U-blox GPS            PRICE:   $1,175.54
PRODUCT: New Listing4063872129992 Lifebook E549/W10P/14inch. i5-8265U/8GB/SSD256/FHD fujitsu            PRICE:   $306.00
